LDBOGGDGJBC	battle_failed_info_text	MANNDCEJKGA	BKADJPNBGHK	OEJKKGLMKCF	BHHOMIPDHFN	CDMAEBNLNEN	CJLEOILFBJO	layer_id	COKOGLBHEFM	KNPLKDDEDKE	FINOOKNGNDB	NLLMDFOEEMB	EHJMJIIEFBN	KHGFCPNHNLD	LOHDODJPKOJ	APGDLLPCHDI	JDKGIJEGKKN	CMDIDAOJHIN	weather_list
[]	"BattleFailedInfo_AbyssInfo1"	360	240	25	[61001011]	0	0	6100101	240	[61001011]	0	0	360	600	600	FALSE	600	[20901]	["SunShine"]
[]	"BattleFailedInfo_AbyssInfo1"	360	240	28	[61001021]	0	0	6100102	240	[61001021]	0	0	360	600	600	FALSE	600	[20901]	["SunShine"]
[]	"BattleFailedInfo_AbyssInfo1"	360	240	30	[61001031]	0	0	6100103	240	[61001031]	0	0	360	600	600	FALSE	600	[20901]	["SunShine"]
[]	"BattleFailedInfo_AbyssInfo1"	360	240	33	[61001041]	0	0	6100104	240	[61001041]	0	0	360	600	600	FALSE	600	[20901]	["Fog"]
[]	"BattleFailedInfo_AbyssInfo1"	360	240	35	[61001051]	0	0	6100105	240	[61001051]	0	0	360	600	600	FALSE	600	[20901]	["Fog"]
[]	"BattleFailedInfo_AbyssInfo1"	360	240	38	[61001061]	0	0	6100106	240	[61001061]	0	0	360	600	600	FALSE	600	[20902]	["ThickCloudy"]
[]	"BattleFailedInfo_AbyssInfo1"	420	300	40	[61001071|61001072]	0	0	6100107	300	[61001101|60000011]	0	0	420	600	600	FALSE	600	[20904|20904]	["ThickCloudy"]
[]	"BattleFailedInfo_AbyssInfo1"	420	300	43	[61001081|61001082]	0	0	6100108	300	[61001081|60000011]	0	0	420	600	600	FALSE	600	[20902|20902]	["Rain"]
[]	"BattleFailedInfo_AbyssInfo1"	420	300	45	[61001091|61001092]	0	0	6100109	300	[61001091|60000011]	0	0	420	600	600	FALSE	600	[20902|20902]	["Rain"]
[]	"BattleFailedInfo_AbyssInfo1"	420	300	50	[61001101|61001102]	0	0	6100110	300	[61001071]	0	0	420	600	600	FALSE	600	[20902|20902]	["Rain"]
[]	"BattleFailedInfo_AbyssInfo1"	2	240	40	[61002011]	0	0	6100201	0	[61002011]	1	0	360	4	-1	FALSE	600	[20905]	["SunShine"]
[]	"BattleFailedInfo_AbyssInfo1"	2	240	43	[61002021]	0	0	6100202	0	[61002021]	1	0	360	4	-1	FALSE	600	[20905]	["SunShine"]
[]	"BattleFailedInfo_AbyssInfo1"	2	240	45	[61002031|61002032]	0	0	6100203	0	[61002031]	1	0	360	6	-1	FALSE	600	[20905|20905]	["Fog"]
[]	"BattleFailedInfo_AbyssInfo1"	2	240	48	[61002041|61002042]	0	0	6100204	0	[61002041|61002042]	1	0	360	6	-1	FALSE	600	[20905|20905]	["Fog"]
[]	"BattleFailedInfo_AbyssInfo1"	2	240	50	[61002051|61002052]	0	0	6100205	0	[61002051]	1	0	360	6	-1	FALSE	600	[20905|20905]	["ThickCloudy"]
[]	"BattleFailedInfo_AbyssInfo1"	2	240	53	[61002061|61002062]	0	0	6100206	0	[61002061]	1	0	360	6	-1	FALSE	600	[20905|20905]	["ThickCloudy"]
[]	"BattleFailedInfo_AbyssInfo1"	2	300	55	[61002071|61002072]	0	0	6100207	0	[61002071]	1	0	420	6	-1	FALSE	600	[20905|20905]	["Rain"]
[]	"BattleFailedInfo_AbyssInfo1"	2	300	60	[61002081|61002082]	0	0	6100208	0	[61002081]	1	0	420	6	-1	FALSE	600	[20905|20905]	["Rain"]
[]	"BattleFailedInfo_AbyssInfo1"	2	240	50	[61003011|61003012]	0	0	6100301	0	[61002011]	1	0	360	6	-1	FALSE	600	[20905|20905]	["SunShine"]
[]	"BattleFailedInfo_AbyssInfo1"	2	240	53	[61003021|61003022]	0	0	6100302	0	[61002021]	1	0	360	6	-1	FALSE	600	[20905|20905]	["SunShine"]
[]	"BattleFailedInfo_AbyssInfo1"	2	240	55	[61003031|61003032]	0	0	6100303	0	[61002051]	1	0	360	6	-1	FALSE	600	[20905|20905]	["Fog"]
[]	"BattleFailedInfo_AbyssInfo1"	2	240	60	[61003041|61003042]	0	0	6100304	0	[61002071]	1	0	360	6	-1	FALSE	600	[20905|20905]	["Fog"]
[]	"BattleFailedInfo_AbyssInfo1"	2	240	65	[61003051|61003052]	0	0	6100305	0	[61002061]	1	0	360	6	-1	FALSE	600	[20905|20905]	["ThickCloudy"]
[]	"BattleFailedInfo_AbyssInfo1"	420	300	50	[62001012|62001011]	0	0	6200101	300	[62001011|62001012]	0	0	420	600	600	FALSE	600	[20910|20910]	["SunShine"]
[]	"BattleFailedInfo_AbyssInfo1"	420	300	53	[62001021|62001022]	0	0	6200102	300	[62001011|62001012]	0	0	420	600	600	FALSE	600	[20910|20910]	["SunShine"]
[]	"BattleFailedInfo_AbyssInfo1"	420	300	55	[62001031|62001032]	0	0	6200103	300	[62001011|62001012]	0	0	420	600	600	FALSE	600	[20910|20910]	["SunShine"]
[]	"BattleFailedInfo_AbyssInfo1"	420	300	58	[62001041|62001042]	0	0	6200104	300	[62001011|62001012]	0	0	420	600	600	FALSE	600	[20910|20910]	["Fog"]
[]	"BattleFailedInfo_AbyssInfo1"	420	300	60	[62001051|62001052]	0	0	6200105	300	[62001011|62001012]	0	0	420	600	600	FALSE	600	[20910|20910]	["Fog"]
[]	"BattleFailedInfo_AbyssInfo1"	420	300	65	[62001061|62001062]	0	0	6200106	300	[62001011|62001012]	0	0	420	600	600	FALSE	600	[20910|20910]	["ThickCloudy"]
[]	"BattleFailedInfo_AbyssInfo1"	420	300	70	[62001071|62001072]	0	0	6200107	300	[62001011|62001012]	0	0	420	600	600	FALSE	600	[20910|20910]	["Rain"]
[]	"BattleFailedInfo_AbyssInfo1"	420	300	50	[62002011|62002012]	0	0	6200201	300	[62001021|62001022]	0	0	420	600	600	FALSE	600	[20912|20912]	["SunShine"]
[]	"BattleFailedInfo_AbyssInfo1"	420	300	53	[62002021|62002022]	0	0	6200202	300	[62001021|62001022]	0	0	420	600	600	FALSE	600	[20912|20912]	["SunShine"]
[]	"BattleFailedInfo_AbyssInfo1"	420	300	55	[62002032|62002031]	0	0	6200203	300	[62001021|62001022]	0	0	420	600	600	FALSE	600	[20912|20912]	["SunShine"]
[]	"BattleFailedInfo_AbyssInfo1"	420	300	58	[62002041|62002042]	0	0	6200204	300	[62001021|62001022]	0	0	420	600	600	FALSE	600	[20912|20912]	["Fog"]
[]	"BattleFailedInfo_AbyssInfo1"	420	300	60	[62002051|62002052]	0	0	6200205	300	[62001021|62001022]	0	0	420	600	600	FALSE	600	[20912|20912]	["Fog"]
[]	"BattleFailedInfo_AbyssInfo1"	420	300	65	[62002062|62002061]	0	0	6200206	300	[62001021|62001022]	0	0	420	600	600	FALSE	600	[20912|20912]	["ThickCloudy"]
[]	"BattleFailedInfo_AbyssInfo1"	420	300	70	[62002072|62002071]	0	0	6200207	300	[62001021|62001022]	0	0	420	600	600	FALSE	600	[20912|20912]	["Rain"]
[]	"BattleFailedInfo_AbyssInfo1"	420	300	50	[62003011|62003012]	0	0	6200301	300	[62001031]	0	0	420	600	600	FALSE	600	[20913|20913]	["SunShine"]
[]	"BattleFailedInfo_AbyssInfo1"	420	300	53	[62003021|62003022]	0	0	6200302	300	[62001031]	0	0	420	600	600	FALSE	600	[20913|20913]	["SunShine"]
[]	"BattleFailedInfo_AbyssInfo1"	420	300	55	[62003031|62003032]	0	0	6200303	300	[62001031]	0	0	420	600	600	FALSE	600	[20913|20913]	["SunShine"]
[]	"BattleFailedInfo_AbyssInfo1"	420	300	58	[62003041|62003042]	0	0	6200304	300	[62001031]	0	0	420	600	600	FALSE	600	[20913|20913]	["Fog"]
[]	"BattleFailedInfo_AbyssInfo1"	420	300	60	[62003051|62003052]	0	0	6200305	300	[62001031]	0	0	420	600	600	FALSE	600	[20913|20913]	["Fog"]
[]	"BattleFailedInfo_AbyssInfo1"	420	300	65	[62003061|62003062]	0	0	6200306	300	[62001031]	0	0	420	600	600	FALSE	600	[20913|20913]	["ThickCloudy"]
[]	"BattleFailedInfo_AbyssInfo1"	420	300	70	[62003071|62003072]	0	0	6200307	300	[62001031]	0	0	420	600	600	FALSE	600	[20913|20913]	["Rain"]
[]	"BattleFailedInfo_AbyssInfo1"	420	300	50	[62004011|62004012]	0	0	6200401	300	[62001041|62001042]	0	0	420	600	600	FALSE	600	[20914|20914]	["SunShine"]
[]	"BattleFailedInfo_AbyssInfo1"	420	300	53	[62004021|62004022]	0	0	6200402	300	[62001041|62001042]	0	0	420	600	600	FALSE	600	[20914|20914]	["SunShine"]
[]	"BattleFailedInfo_AbyssInfo1"	420	300	55	[62004031|62004032]	0	0	6200403	300	[62001041|62001042]	0	0	420	600	600	FALSE	600	[20914|20914]	["SunShine"]
[]	"BattleFailedInfo_AbyssInfo1"	420	300	58	[62004041|62004042]	0	0	6200404	300	[62001041|62001042]	0	0	420	600	600	FALSE	600	[20914|20914]	["Fog"]
[]	"BattleFailedInfo_AbyssInfo1"	420	300	60	[62004051|62004052]	0	0	6200405	300	[62001041|62001042]	0	0	420	600	600	FALSE	600	[20914|20914]	["Fog"]
[]	"BattleFailedInfo_AbyssInfo1"	420	300	65	[62004061|62004062]	0	0	6200406	300	[62001041|62001042]	0	0	420	600	600	FALSE	600	[20914|20914]	["ThickCloudy"]
[]	"BattleFailedInfo_AbyssInfo1"	420	300	70	[62004071|62004072]	0	0	6200407	300	[62001041|62001042]	0	0	420	600	600	FALSE	600	[20914|20914]	["Rain"]
[]	"BattleFailedInfo_AbyssInfo1"	420	300	50	[62005011|62005012]	0	0	6200501	300	[62001051]	0	0	420	600	600	FALSE	600	[20915|20915]	["SunShine"]
[]	"BattleFailedInfo_AbyssInfo1"	420	300	53	[62005021|62005022]	0	0	6200502	300	[62001051]	0	0	420	600	600	FALSE	600	[20915|20915]	["SunShine"]
[]	"BattleFailedInfo_AbyssInfo1"	420	300	55	[62005031|62005032]	0	0	6200503	300	[62001051]	0	0	420	600	600	FALSE	600	[20915|20915]	["SunShine"]
[]	"BattleFailedInfo_AbyssInfo1"	420	300	58	[62005041|62005042]	0	0	6200504	300	[62001051]	0	0	420	600	600	FALSE	600	[20915|20915]	["Fog"]
[]	"BattleFailedInfo_AbyssInfo1"	420	300	60	[62005051|62005052]	0	0	6200505	300	[62001051]	0	0	420	600	600	FALSE	600	[20915|20915]	["Fog"]
[]	"BattleFailedInfo_AbyssInfo1"	420	300	65	[62005061|62005072]	0	0	6200506	300	[62001051]	0	0	420	600	600	FALSE	600	[20915|20915]	["ThickCloudy"]
[]	"BattleFailedInfo_AbyssInfo1"	420	300	70	[62005071|62005062]	0	0	6200507	300	[62001051]	0	0	420	600	600	FALSE	600	[20915|20915]	["Rain"]
[]	"BattleFailedInfo_AbyssInfo1"	420	300	50	[62006011|62006012]	0	0	6200601	300	[62001061]	0	0	420	600	600	FALSE	600	[20916|20916]	["SunShine"]
[]	"BattleFailedInfo_AbyssInfo1"	420	300	53	[62006021|62006022]	0	0	6200602	300	[62001061]	0	0	420	600	600	FALSE	600	[20916|20916]	["SunShine"]
[]	"BattleFailedInfo_AbyssInfo1"	420	300	55	[62006031|62006032]	0	0	6200603	300	[62001061]	0	0	420	600	600	FALSE	600	[20916|20916]	["SunShine"]
[]	"BattleFailedInfo_AbyssInfo1"	420	300	58	[62006041|62006042]	0	0	6200604	300	[62001061]	0	0	420	600	600	FALSE	600	[20916|20916]	["Fog"]
[]	"BattleFailedInfo_AbyssInfo1"	420	300	60	[62006051|62006052]	0	0	6200605	300	[62001061]	0	0	420	600	600	FALSE	600	[20916|20916]	["Fog"]
[]	"BattleFailedInfo_AbyssInfo1"	420	300	65	[62006061|62006062]	0	0	6200606	300	[62001061]	0	0	420	600	600	FALSE	600	[20916|20916]	["ThickCloudy"]
[]	"BattleFailedInfo_AbyssInfo1"	420	300	70	[62006071|62006072]	0	0	6200607	300	[62001061]	0	0	420	600	600	FALSE	600	[20916|20916]	["Rain"]
[]	"BattleFailedInfo_AbyssInfo1"	420	300	50	[62007011|62007012]	0	0	6200701	300	[62001071]	0	0	420	600	600	FALSE	600	[20917|20917]	["SunShine"]
[]	"BattleFailedInfo_AbyssInfo1"	420	300	53	[62007021|62007022]	0	0	6200702	300	[62001071]	0	0	420	600	600	FALSE	600	[20917|20917]	["SunShine"]
[]	"BattleFailedInfo_AbyssInfo1"	420	300	55	[62007031|62007032]	0	0	6200703	300	[62001071]	0	0	420	600	600	FALSE	600	[20917|20917]	["SunShine"]
[]	"BattleFailedInfo_AbyssInfo1"	420	300	58	[62007041|62007042]	0	0	6200704	300	[62001071]	0	0	420	600	600	FALSE	600	[20917|20917]	["Fog"]
[]	"BattleFailedInfo_AbyssInfo1"	420	300	60	[62007052|62007051]	0	0	6200705	300	[62001071]	0	0	420	600	600	FALSE	600	[20917|20917]	["Fog"]
[]	"BattleFailedInfo_AbyssInfo1"	420	300	65	[62007061|62007062]	0	0	6200706	300	[62001071]	0	0	420	600	600	FALSE	600	[20917|20917]	["ThickCloudy"]
[]	"BattleFailedInfo_AbyssInfo1"	420	300	70	[62007071|62007072]	0	0	6200707	300	[62001071]	0	0	420	600	600	FALSE	600	[20917|20917]	["Rain"]
[]	"BattleFailedInfo_AbyssInfo1"	420	300	50	[62008011|62008012]	0	0	6200801	300	[62001081]	0	0	420	600	600	FALSE	600	[20918|20918]	["SunShine"]
[]	"BattleFailedInfo_AbyssInfo1"	420	300	53	[62008021|62008022]	0	0	6200802	300	[62001081]	0	0	420	600	600	FALSE	600	[20918|20918]	["SunShine"]
[]	"BattleFailedInfo_AbyssInfo1"	420	300	55	[62008031|62008032]	0	0	6200803	300	[62001081]	0	0	420	600	600	FALSE	600	[20918|20918]	["SunShine"]
[]	"BattleFailedInfo_AbyssInfo1"	420	300	58	[62008041|62008042]	0	0	6200804	300	[62001081]	0	0	420	600	600	FALSE	600	[20918|20918]	["Fog"]
[]	"BattleFailedInfo_AbyssInfo1"	420	300	60	[62008051|62008052]	0	0	6200805	300	[62001081]	0	0	420	600	600	FALSE	600	[20918|20918]	["Fog"]
[]	"BattleFailedInfo_AbyssInfo1"	420	300	65	[62008061|62008062]	0	0	6200806	300	[62001081]	0	0	420	600	600	FALSE	600	[20918|20918]	["ThickCloudy"]
[]	"BattleFailedInfo_AbyssInfo1"	420	300	70	[62008071|62008072]	0	0	6200807	300	[62001081]	0	0	420	600	600	FALSE	600	[20918|20918]	["Rain"]
[]	"BattleFailedInfo_AbyssInfo1"	420	300	50	[62009011|62009012]	0	0	6200901	300	[62001091]	0	0	420	600	600	FALSE	600	[20919|20919]	["SunShine"]
[]	"BattleFailedInfo_AbyssInfo1"	420	300	53	[62009021|62009022]	0	0	6200902	300	[62001091]	0	0	420	600	600	FALSE	600	[20919|20919]	["SunShine"]
[]	"BattleFailedInfo_AbyssInfo1"	420	300	55	[62009031|62009032]	0	0	6200903	300	[62001091]	0	0	420	600	600	FALSE	600	[20919|20919]	["SunShine"]
[]	"BattleFailedInfo_AbyssInfo1"	420	300	58	[62009041|62009042]	0	0	6200904	300	[62001091]	0	0	420	600	600	FALSE	600	[20919|20919]	["Fog"]
[]	"BattleFailedInfo_AbyssInfo1"	420	300	60	[62009051|62009052]	0	0	6200905	300	[62001091]	0	0	420	600	600	FALSE	600	[20919|20919]	["Fog"]
[]	"BattleFailedInfo_AbyssInfo1"	420	300	65	[62009061|62009062]	0	0	6200906	300	[62001091]	0	0	420	600	600	FALSE	600	[20919|20919]	["ThickCloudy"]
[]	"BattleFailedInfo_AbyssInfo1"	420	300	70	[62009071|62009072]	0	0	6200907	300	[62001091]	0	0	420	600	600	FALSE	600	[20919|20919]	["Rain"]
[]	"BattleFailedInfo_AbyssInfo1"	420	300	50	[62010011|62010012]	0	0	6201001	300	[62001101|62001102]	0	0	420	600	600	FALSE	600	[20920|20920]	["SunShine"]
[]	"BattleFailedInfo_AbyssInfo1"	420	300	53	[62010021|62010022]	0	0	6201002	300	[62001101|62001102]	0	0	420	600	600	FALSE	600	[20920|20920]	["SunShine"]
[]	"BattleFailedInfo_AbyssInfo1"	420	300	55	[62010031|62010032]	0	0	6201003	300	[62001101|62001102]	0	0	420	600	600	FALSE	600	[20920|20920]	["SunShine"]
[]	"BattleFailedInfo_AbyssInfo1"	420	300	58	[62010041|62010042]	0	0	6201004	300	[62001101|62001102]	0	0	420	600	600	FALSE	600	[20920|20920]	["Fog"]
[]	"BattleFailedInfo_AbyssInfo1"	420	300	60	[62010051|62010052]	0	0	6201005	300	[62001101|62001102]	0	0	420	600	600	FALSE	600	[20920|20920]	["Fog"]
[]	"BattleFailedInfo_AbyssInfo1"	420	300	65	[62010061|62010062]	0	0	6201006	300	[62001101|62001102]	0	0	420	600	600	FALSE	600	[20920|20920]	["ThickCloudy"]
[]	"BattleFailedInfo_AbyssInfo1"	420	300	70	[62010071|62010072]	0	0	6201007	300	[62001101|62001102]	0	0	420	600	600	FALSE	600	[20920|20920]	["Rain"]
[]	"BattleFailedInfo_AbyssInfo1"	420	300	50	[62011011|62011012]	0	0	6201101	300	[62001111]	0	0	420	600	600	FALSE	600	[20906|20906]	["SunShine"]
[]	"BattleFailedInfo_AbyssInfo1"	420	300	53	[62011021|62011022]	0	0	6201102	300	[62001111]	0	0	420	600	600	FALSE	600	[20906|20906]	["SunShine"]
[]	"BattleFailedInfo_AbyssInfo1"	420	300	55	[62011031|62011032]	0	0	6201103	300	[62001111]	0	0	420	600	600	FALSE	600	[20907|20907]	["SunShine"]
[]	"BattleFailedInfo_AbyssInfo1"	420	300	58	[62011041|62011042]	0	0	6201104	300	[62001111]	0	0	420	600	600	FALSE	600	[20907|20907]	["Fog"]
[]	"BattleFailedInfo_AbyssInfo1"	420	300	60	[62011051|62011052]	0	0	6201105	300	[62001111]	0	0	420	600	600	FALSE	600	[20921|20921]	["Fog"]
[]	"BattleFailedInfo_AbyssInfo1"	420	300	65	[62011061|62011062]	0	0	6201106	300	[62001111]	0	0	420	600	600	FALSE	600	[20921|20921]	["ThickCloudy"]
[]	"BattleFailedInfo_AbyssInfo1"	420	300	70	[62011071|62011072]	0	0	6201107	300	[62001111]	0	0	420	600	600	FALSE	600	[20921|20921]	["Rain"]
[]	"BattleFailedInfo_AbyssInfo1"	420	300	50	[62012011|62012012]	0	0	6201201	300	[62001121]	0	0	420	600	600	FALSE	600	[20906|20906]	["SunShine"]
[]	"BattleFailedInfo_AbyssInfo1"	420	300	53	[62012021|62012022]	0	0	6201202	300	[62001121]	0	0	420	600	600	FALSE	600	[20906|20906]	["SunShine"]
[]	"BattleFailedInfo_AbyssInfo1"	420	300	55	[62012031|62012032]	0	0	6201203	300	[62001121]	0	0	420	600	600	FALSE	600	[20907|20907]	["SunShine"]
[]	"BattleFailedInfo_AbyssInfo1"	420	300	58	[62012041|62012042]	0	0	6201204	300	[62001121]	0	0	420	600	600	FALSE	600	[20907|20907]	["Fog"]
[]	"BattleFailedInfo_AbyssInfo1"	420	300	60	[62012051|62012052]	0	0	6201205	300	[62001121]	0	0	420	600	600	FALSE	600	[20921|20921]	["Fog"]
[]	"BattleFailedInfo_AbyssInfo1"	420	300	65	[62012061|62012062]	0	0	6201206	300	[62001121]	0	0	420	600	600	FALSE	600	[20921|20921]	["ThickCloudy"]
[]	"BattleFailedInfo_AbyssInfo1"	420	300	70	[62012071|62012072]	0	0	6201207	300	[62001121]	0	0	420	600	600	FALSE	600	[20921|20921]	["Rain"]
[]	"BattleFailedInfo_AbyssInfo1"	420	300	50	[62013011|62013012]	0	0	6201301	300	[62001131]	0	0	420	600	600	FALSE	600	[20906|20906]	["SunShine"]
[]	"BattleFailedInfo_AbyssInfo1"	420	300	53	[62013021|62013022]	0	0	6201302	300	[62001131]	0	0	420	600	600	FALSE	600	[20906|20906]	["SunShine"]
[]	"BattleFailedInfo_AbyssInfo1"	420	300	55	[62013031|62013032]	0	0	6201303	300	[62001131]	0	0	420	600	600	FALSE	600	[20907|20907]	["SunShine"]
[]	"BattleFailedInfo_AbyssInfo1"	420	300	58	[62013041|62013042]	0	0	6201304	300	[62001131]	0	0	420	600	600	FALSE	600	[20907|20907]	["Fog"]
[]	"BattleFailedInfo_AbyssInfo1"	420	300	60	[62013051|62013052]	0	0	6201305	300	[62001131]	0	0	420	600	600	FALSE	600	[20921|20921]	["Fog"]
[]	"BattleFailedInfo_AbyssInfo1"	420	300	65	[62013061|62013062]	0	0	6201306	300	[62001131]	0	0	420	600	600	FALSE	600	[20921|20921]	["ThickCloudy"]
[]	"BattleFailedInfo_AbyssInfo1"	420	300	70	[62013071|62013072]	0	0	6201307	300	[62001131]	0	0	420	600	600	FALSE	600	[20921|20921]	["Rain"]
[]	"BattleFailedInfo_AbyssInfo1"	420	300	50	[62014011|62014012]	0	0	6201401	300	[62001141]	0	0	420	600	600	FALSE	600	[20908|20908]	["SunShine"]
[]	"BattleFailedInfo_AbyssInfo1"	420	300	53	[62014021|62014022]	0	0	6201402	300	[62001141]	0	0	420	600	600	FALSE	600	[20908|20908]	["SunShine"]
[]	"BattleFailedInfo_AbyssInfo1"	420	300	55	[62014031|62014032]	0	0	6201403	300	[62001141]	0	0	420	600	600	FALSE	600	[20909|20909]	["SunShine"]
[]	"BattleFailedInfo_AbyssInfo1"	420	300	58	[62014041|62014042]	0	0	6201404	300	[62001141]	0	0	420	600	600	FALSE	600	[20909|20909]	["Fog"]
[]	"BattleFailedInfo_AbyssInfo1"	420	300	60	[62014051|62014052]	0	0	6201405	300	[62001141]	0	0	420	600	600	FALSE	600	[20922|20922]	["Fog"]
[]	"BattleFailedInfo_AbyssInfo1"	420	300	65	[62014061|62014062]	0	0	6201406	300	[62001141]	0	0	420	600	600	FALSE	600	[20922|20922]	["ThickCloudy"]
[]	"BattleFailedInfo_AbyssInfo1"	420	300	70	[62014071|62014072]	0	0	6201407	300	[62001141]	0	0	420	600	600	FALSE	600	[20922|20922]	["Rain"]
[]	"BattleFailedInfo_AbyssInfo1"	420	300	50	[62015011|62015012]	0	0	6201501	300	[62001151]	0	0	420	600	600	FALSE	600	[20908|20908]	["SunShine"]
[]	"BattleFailedInfo_AbyssInfo1"	420	300	53	[62015021|62015022]	0	0	6201502	300	[62001151]	0	0	420	600	600	FALSE	600	[20908|20908]	["SunShine"]
[]	"BattleFailedInfo_AbyssInfo1"	420	300	55	[62015031|62015032]	0	0	6201503	300	[62001151]	0	0	420	600	600	FALSE	600	[20909|20909]	["SunShine"]
[]	"BattleFailedInfo_AbyssInfo1"	420	300	58	[62015041|62015042]	0	0	6201504	300	[62001151]	0	0	420	600	600	FALSE	600	[20909|20909]	["Fog"]
[]	"BattleFailedInfo_AbyssInfo1"	420	300	60	[62015051|62015052]	0	0	6201505	300	[62001151]	0	0	420	600	600	FALSE	600	[20922|20922]	["Fog"]
[]	"BattleFailedInfo_AbyssInfo1"	420	300	65	[62015061|62015062]	0	0	6201506	300	[62001151]	0	0	420	600	600	FALSE	600	[20922|20922]	["ThickCloudy"]
[]	"BattleFailedInfo_AbyssInfo1"	420	300	70	[62015071|62015072]	0	0	6201507	300	[62001151]	0	0	420	600	600	FALSE	600	[20922|20922]	["Rain"]
[]	"BattleFailedInfo_AbyssInfo1"	420	300	50	[62016011|62016012]	0	0	6201601	300	[62001161]	0	0	420	600	600	FALSE	600	[20908|20908]	["SunShine"]
[]	"BattleFailedInfo_AbyssInfo1"	420	300	53	[62016021|62016022]	0	0	6201602	300	[62001161]	0	0	420	600	600	FALSE	600	[20908|20908]	["SunShine"]
[]	"BattleFailedInfo_AbyssInfo1"	420	300	55	[62016031|62016032]	0	0	6201603	300	[62001161]	0	0	420	600	600	FALSE	600	[20909|20909]	["SunShine"]
[]	"BattleFailedInfo_AbyssInfo1"	420	300	58	[62016041|62016042]	0	0	6201604	300	[62001161]	0	0	420	600	600	FALSE	600	[20909|20909]	["Fog"]
[]	"BattleFailedInfo_AbyssInfo1"	420	300	60	[62016051|62016052]	0	0	6201605	300	[62001161]	0	0	420	600	600	FALSE	600	[20922|20922]	["Fog"]
[]	"BattleFailedInfo_AbyssInfo1"	420	300	65	[62016061|62016062]	0	0	6201606	300	[62001161]	0	0	420	600	600	FALSE	600	[20922|20922]	["ThickCloudy"]
[]	"BattleFailedInfo_AbyssInfo1"	420	300	70	[62016071|62016072]	0	0	6201607	300	[62001161]	0	0	420	600	600	FALSE	600	[20922|20922]	["Rain"]
[]	"BattleFailedInfo_AbyssInfo1"	420	300	50	[62017011|62017012]	0	0	6201701	300	[62001171]	0	0	420	600	600	FALSE	600	[20908|20908]	["SunShine"]
[]	"BattleFailedInfo_AbyssInfo1"	420	300	53	[62017021|62017022]	0	0	6201702	300	[62001171]	0	0	420	600	600	FALSE	600	[20908|20908]	["SunShine"]
[]	"BattleFailedInfo_AbyssInfo1"	420	300	55	[62017031|62017032]	0	0	6201703	300	[62001171]	0	0	420	600	600	FALSE	600	[20909|20909]	["SunShine"]
[]	"BattleFailedInfo_AbyssInfo1"	420	300	58	[62017041|62017042]	0	0	6201704	300	[62001171]	0	0	420	600	600	FALSE	600	[20909|20909]	["Fog"]
[]	"BattleFailedInfo_AbyssInfo1"	420	300	60	[62017051|62017052]	0	0	6201705	300	[62001171]	0	0	420	600	600	FALSE	600	[20923|20923]	["Fog"]
[]	"BattleFailedInfo_AbyssInfo1"	420	300	65	[62017061|62017062]	0	0	6201706	300	[62001171]	0	0	420	600	600	FALSE	600	[20923|20923]	["ThickCloudy"]
[]	"BattleFailedInfo_AbyssInfo1"	420	300	70	[62017071|62017072]	0	0	6201707	300	[62001171]	0	0	420	600	600	FALSE	600	[20923|20926]	["Rain"]
[]	"BattleFailedInfo_AbyssInfo1"	420	300	50	[62018011|62018012]	0	0	6201801	300	[62001181]	0	0	420	600	600	FALSE	600	[20908|20908]	["SunShine"]
[]	"BattleFailedInfo_AbyssInfo1"	420	300	53	[62018021|62018022]	0	0	6201802	300	[62001181]	0	0	420	600	600	FALSE	600	[20908|20908]	["SunShine"]
[]	"BattleFailedInfo_AbyssInfo1"	420	300	55	[62018031|62018032]	0	0	6201803	300	[62001181]	0	0	420	600	600	FALSE	600	[20909|20909]	["SunShine"]
[]	"BattleFailedInfo_AbyssInfo1"	420	300	58	[62018041|62018042]	0	0	6201804	300	[62001181]	0	0	420	600	600	FALSE	600	[20909|20909]	["Fog"]
[]	"BattleFailedInfo_AbyssInfo1"	420	300	60	[62018051|62018052]	0	0	6201805	300	[62001181]	0	0	420	600	600	FALSE	600	[20923|20923]	["Fog"]
[]	"BattleFailedInfo_AbyssInfo1"	420	300	65	[62018061|62018062]	0	0	6201806	300	[62001181]	0	0	420	600	600	FALSE	600	[20923|20923]	["ThickCloudy"]
[]	"BattleFailedInfo_AbyssInfo1"	420	300	70	[62018071|62018072]	0	0	6201807	300	[62001181]	0	0	420	600	600	FALSE	600	[20925|20926]	["Rain"]
[]	"BattleFailedInfo_AbyssInfo1"	420	300	50	[62019011|62019012]	0	0	6201901	300	[62001191]	0	0	420	600	600	FALSE	600	[20908|20908]	["SunShine"]
[]	"BattleFailedInfo_AbyssInfo1"	420	300	53	[62019021|62019022]	0	0	6201902	300	[62001191]	0	0	420	600	600	FALSE	600	[20908|20908]	["SunShine"]
[]	"BattleFailedInfo_AbyssInfo1"	420	300	55	[62019031|62019032]	0	0	6201903	300	[62001191]	0	0	420	600	600	FALSE	600	[20909|20909]	["SunShine"]
[]	"BattleFailedInfo_AbyssInfo1"	420	300	58	[62019041|62019042]	0	0	6201904	300	[62001191]	0	0	420	600	600	FALSE	600	[20909|20909]	["Fog"]
[]	"BattleFailedInfo_AbyssInfo1"	420	300	60	[62019051|62019052]	0	0	6201905	300	[62001191]	0	0	420	600	600	FALSE	600	[20923|20923]	["Fog"]
[]	"BattleFailedInfo_AbyssInfo1"	420	300	65	[62019061|62019062]	0	0	6201906	300	[62001191]	0	0	420	600	600	FALSE	600	[20923|20923]	["ThickCloudy"]
[]	"BattleFailedInfo_AbyssInfo1"	420	300	70	[62019071|62019072]	0	0	6201907	300	[62001191]	0	0	420	600	600	FALSE	600	[20927|20924]	["Rain"]
[]	"BattleFailedInfo_AbyssInfo1"	420	300	50	[62020011|62020012]	0	0	6202001	300	[62001192]	0	0	420	600	600	FALSE	600	[20928|20928]	["SunShine"]
[]	"BattleFailedInfo_AbyssInfo1"	420	300	53	[62020021|62020022]	0	0	6202002	300	[62001192]	0	0	420	600	600	FALSE	600	[20928|20928]	["SunShine"]
[]	"BattleFailedInfo_AbyssInfo1"	420	300	55	[62020031|62020032]	0	0	6202003	300	[62001192]	0	0	420	600	600	FALSE	600	[20929|20929]	["SunShine"]
[]	"BattleFailedInfo_AbyssInfo1"	420	300	58	[62020041|62020042]	0	0	6202004	300	[62001192]	0	0	420	600	600	FALSE	600	[20929|20929]	["Fog"]
[]	"BattleFailedInfo_AbyssInfo1"	420	300	60	[62020051|62020052]	0	0	6202005	300	[62001192]	0	0	420	600	600	FALSE	600	[20930|20930]	["Fog"]
[]	"BattleFailedInfo_AbyssInfo1"	420	300	65	[62020061|62020062]	0	0	6202006	300	[62001192]	0	0	420	600	600	FALSE	600	[20930|20930]	["ThickCloudy"]
[]	"BattleFailedInfo_AbyssInfo1"	420	300	70	[62020071|62020072]	0	0	6202007	300	[62001192]	0	0	420	600	600	FALSE	600	[20930|20930]	["Rain"]
[]	"BattleFailedInfo_AbyssInfo1"	420	300	50	[62021011|62021012]	0	0	6202101	300	[62001193]	0	0	420	600	600	FALSE	600	[20928|20928]	["SunShine"]
[]	"BattleFailedInfo_AbyssInfo1"	420	300	53	[62021021|62021022]	0	0	6202102	300	[62001193]	0	0	420	600	600	FALSE	600	[20928|20928]	["SunShine"]
[]	"BattleFailedInfo_AbyssInfo1"	420	300	55	[62021031|62021032]	0	0	6202103	300	[62001193]	0	0	420	600	600	FALSE	600	[20929|20929]	["SunShine"]
[]	"BattleFailedInfo_AbyssInfo1"	420	300	58	[62021041|62021042]	0	0	6202104	300	[62001193]	0	0	420	600	600	FALSE	600	[20929|20929]	["Fog"]
[]	"BattleFailedInfo_AbyssInfo1"	420	300	60	[62021051|62021052]	0	0	6202105	300	[62001193]	0	0	420	600	600	FALSE	600	[20930|20930]	["Fog"]
[]	"BattleFailedInfo_AbyssInfo1"	420	300	65	[62021061|62021062]	0	0	6202106	300	[62001193]	0	0	420	600	600	FALSE	600	[20930|20930]	["ThickCloudy"]
[]	"BattleFailedInfo_AbyssInfo1"	420	300	70	[62021071|62021072]	0	0	6202107	300	[62001193]	0	0	420	600	600	FALSE	600	[20930|20931]	["Rain"]
[]	"BattleFailedInfo_AbyssInfo1"	420	300	50	[62022011|62022012]	0	0	6202201	300	[62001194]	0	0	420	600	600	FALSE	600	[20928|20928]	["SunShine"]
[]	"BattleFailedInfo_AbyssInfo1"	420	300	53	[62022021|62022022]	0	0	6202202	300	[62001194]	0	0	420	600	600	FALSE	600	[20928|20928]	["SunShine"]
[]	"BattleFailedInfo_AbyssInfo1"	420	300	55	[62022031|62022032]	0	0	6202203	300	[62001194]	0	0	420	600	600	FALSE	600	[20929|20929]	["SunShine"]
[]	"BattleFailedInfo_AbyssInfo1"	420	300	58	[62022041|62022042]	0	0	6202204	300	[62001194]	0	0	420	600	600	FALSE	600	[20929|20929]	["Fog"]
[]	"BattleFailedInfo_AbyssInfo1"	420	300	60	[62022051|62022052]	0	0	6202205	300	[62001194]	0	0	420	600	600	FALSE	600	[20930|20930]	["Fog"]
[]	"BattleFailedInfo_AbyssInfo1"	420	300	65	[62022061|62022062]	0	0	6202206	300	[62001194]	0	0	420	600	600	FALSE	600	[20930|20930]	["ThickCloudy"]
[]	"BattleFailedInfo_AbyssInfo1"	420	300	70	[62022071|62022072]	0	0	6202207	300	[62001194]	0	0	420	600	600	FALSE	600	[20930|20930]	["Rain"]
[]	"BattleFailedInfo_AbyssInfo1"	420	300	50	[62023011|62023012]	0	0	6202301	300	[62001195]	0	0	420	600	600	FALSE	600	[20928|20928]	["SunShine"]
[]	"BattleFailedInfo_AbyssInfo1"	420	300	53	[62023021|62023022]	0	0	6202302	300	[62001195]	0	0	420	600	600	FALSE	600	[20928|20928]	["SunShine"]
[]	"BattleFailedInfo_AbyssInfo1"	420	300	55	[62023031|62023032]	0	0	6202303	300	[62001195]	0	0	420	600	600	FALSE	600	[20929|20929]	["SunShine"]
[]	"BattleFailedInfo_AbyssInfo1"	420	300	58	[62023041|62023042]	0	0	6202304	300	[62001195]	0	0	420	600	600	FALSE	600	[20929|20929]	["Fog"]
[]	"BattleFailedInfo_AbyssInfo1"	420	300	60	[62023051|62023052]	0	0	6202305	300	[62001195]	0	0	420	600	600	FALSE	600	[20932|20932]	["Fog"]
[]	"BattleFailedInfo_AbyssInfo1"	420	300	65	[62023061|62023062]	0	0	6202306	300	[62001195]	0	0	420	600	600	FALSE	600	[20932|20932]	["ThickCloudy"]
[]	"BattleFailedInfo_AbyssInfo1"	420	300	70	[62023071|62023072]	0	0	6202307	300	[62001195]	0	0	420	600	600	FALSE	600	[20932|20933]	["Rain"]
[]	"BattleFailedInfo_AbyssInfo1"	420	300	50	[62024011|62024012]	0	0	6202401	300	[62001196]	0	0	420	600	600	FALSE	600	[20928|20928]	["SunShine"]
[]	"BattleFailedInfo_AbyssInfo1"	420	300	53	[62024021|62024022]	0	0	6202402	300	[62001196]	0	0	420	600	600	FALSE	600	[20928|20928]	["SunShine"]
[]	"BattleFailedInfo_AbyssInfo1"	420	300	55	[62024031|62024032]	0	0	6202403	300	[62001196]	0	0	420	600	600	FALSE	600	[20929|20929]	["SunShine"]
[]	"BattleFailedInfo_AbyssInfo1"	420	300	58	[62024041|62024042]	0	0	6202404	300	[62001196]	0	0	420	600	600	FALSE	600	[20929|20929]	["Fog"]
[]	"BattleFailedInfo_AbyssInfo1"	420	300	60	[62024051|62024052]	0	0	6202405	300	[62001196]	0	0	420	600	600	FALSE	600	[20932|20932]	["Fog"]
[]	"BattleFailedInfo_AbyssInfo1"	420	300	65	[62024061|62024062]	0	0	6202406	300	[62001196]	0	0	420	600	600	FALSE	600	[20932|20932]	["ThickCloudy"]
[]	"BattleFailedInfo_AbyssInfo1"	420	300	70	[62024071|62024072]	0	0	6202407	300	[62001196]	0	0	420	600	600	FALSE	600	[20932|20933]	["Rain"]
[]	"BattleFailedInfo_AbyssInfo1"	420	300	50	[62025011|62025012]	0	0	6202501	300	[62001197]	0	0	420	600	600	FALSE	600	[20928|20928]	["SunShine"]
[]	"BattleFailedInfo_AbyssInfo1"	420	300	53	[62025021|62025022]	0	0	6202502	300	[62001197]	0	0	420	600	600	FALSE	600	[20928|20928]	["SunShine"]
[]	"BattleFailedInfo_AbyssInfo1"	420	300	55	[62025031|62025032]	0	0	6202503	300	[62001197]	0	0	420	600	600	FALSE	600	[20929|20929]	["SunShine"]
[]	"BattleFailedInfo_AbyssInfo1"	420	300	58	[62025041|62025042]	0	0	6202504	300	[62001197]	0	0	420	600	600	FALSE	600	[20929|20929]	["Fog"]
[]	"BattleFailedInfo_AbyssInfo1"	420	300	60	[62025051|62025052]	0	0	6202505	300	[62001197]	0	0	420	600	600	FALSE	600	[20932|20932]	["Fog"]
[]	"BattleFailedInfo_AbyssInfo1"	420	300	65	[62025061|62025062]	0	0	6202506	300	[62001197]	0	0	420	600	600	FALSE	600	[20932|20932]	["ThickCloudy"]
[]	"BattleFailedInfo_AbyssInfo1"	420	300	70	[62025071|62025072]	0	0	6202507	300	[62001197]	0	0	420	600	600	FALSE	600	[20932|20934]	["Rain"]
[]	"BattleFailedInfo_AbyssInfo1"	420	300	50	[62026011|62026012]	0	0	6202601	300	[62001271]	0	0	420	600	600	FALSE	600	[20928|20928]	["SunShine"]
[]	"BattleFailedInfo_AbyssInfo1"	420	300	53	[62026021|62026022]	0	0	6202602	300	[62001271]	0	0	420	600	600	FALSE	600	[20928|20928]	["SunShine"]
[]	"BattleFailedInfo_AbyssInfo1"	420	300	55	[62026031|62026032]	0	0	6202603	300	[62001271]	0	0	420	600	600	FALSE	600	[20929|20929]	["SunShine"]
[]	"BattleFailedInfo_AbyssInfo1"	420	300	58	[62026041|62026042]	0	0	6202604	300	[62001271]	0	0	420	600	600	FALSE	600	[20929|20929]	["Fog"]
[]	"BattleFailedInfo_AbyssInfo1"	420	300	60	[62026051|62026052]	0	0	6202605	300	[62001271]	0	0	420	600	600	FALSE	600	[20935|20935]	["Fog"]
[]	"BattleFailedInfo_AbyssInfo1"	420	300	65	[62026061|62026062]	0	0	6202606	300	[62001271]	0	0	420	600	600	FALSE	600	[20935|20935]	["ThickCloudy"]
[]	"BattleFailedInfo_AbyssInfo1"	420	300	70	[62026071|62026072]	0	0	6202607	300	[62001271]	0	0	420	600	600	FALSE	600	[20938|20936]	["Rain"]
[]	"BattleFailedInfo_AbyssInfo1"	420	300	50	[62027011|62027012]	0	0	6202701	300	[62001261|62001262]	0	0	420	600	600	FALSE	600	[20928|20928]	["SunShine"]
[]	"BattleFailedInfo_AbyssInfo1"	420	300	53	[62027021|62027022]	0	0	6202702	300	[62001261|62001262]	0	0	420	600	600	FALSE	600	[20928|20928]	["SunShine"]
[]	"BattleFailedInfo_AbyssInfo1"	420	300	55	[62027031|62027032]	0	0	6202703	300	[62001261|62001262]	0	0	420	600	600	FALSE	600	[20929|20929]	["SunShine"]
[]	"BattleFailedInfo_AbyssInfo1"	420	300	58	[62027041|62027042]	0	0	6202704	300	[62001261|62001262]	0	0	420	600	600	FALSE	600	[20929|20929]	["Fog"]
[]	"BattleFailedInfo_AbyssInfo1"	420	300	60	[62027051|62027052]	0	0	6202705	300	[62001261|62001262]	0	0	420	600	600	FALSE	600	[20935|20935]	["Fog"]
[]	"BattleFailedInfo_AbyssInfo1"	420	300	65	[62027061|62027062]	0	0	6202706	300	[62001261|62001262]	0	0	420	600	600	FALSE	600	[20935|20935]	["ThickCloudy"]
[]	"BattleFailedInfo_AbyssInfo1"	420	300	70	[62027071|62027072]	0	0	6202707	300	[62001261|62001262]	0	0	420	600	600	FALSE	600	[20936|20935]	["Rain"]
[]	"BattleFailedInfo_AbyssInfo1"	420	300	50	[62028011|62028012]	0	0	6202801	300	[62001281]	0	0	420	600	600	FALSE	600	[20928|20928]	["SunShine"]
[]	"BattleFailedInfo_AbyssInfo1"	420	300	53	[62028021|62028022]	0	0	6202802	300	[62001281]	0	0	420	600	600	FALSE	600	[20928|20928]	["SunShine"]
[]	"BattleFailedInfo_AbyssInfo1"	420	300	55	[62028031|62028032]	0	0	6202803	300	[62001281]	0	0	420	600	600	FALSE	600	[20929|20929]	["SunShine"]
[]	"BattleFailedInfo_AbyssInfo1"	420	300	58	[62028041|62028042]	0	0	6202804	300	[62001281]	0	0	420	600	600	FALSE	600	[20929|20929]	["Fog"]
[]	"BattleFailedInfo_AbyssInfo1"	420	300	60	[62028051|62028052]	0	0	6202805	300	[62001281]	0	0	420	600	600	FALSE	600	[20935|20935]	["Fog"]
[]	"BattleFailedInfo_AbyssInfo1"	420	300	65	[62028061|62028072]	0	0	6202806	300	[62001281]	0	0	420	600	600	FALSE	600	[20936|20935]	["ThickCloudy"]
[]	"BattleFailedInfo_AbyssInfo1"	420	300	70	[62028071|62028062]	0	0	6202807	300	[62001281]	0	0	420	600	600	FALSE	600	[20935|20937]	["Rain"]
[]	"BattleFailedInfo_AbyssInfo1"	420	300	50	[62029011|62029012]	0	0	6202901	300	[62001291]	0	0	420	600	600	FALSE	600	[20928|20928]	["SunShine"]
[]	"BattleFailedInfo_AbyssInfo1"	420	300	53	[62029021|62029022]	0	0	6202902	300	[62001291]	0	0	420	600	600	FALSE	600	[20928|20928]	["SunShine"]
[]	"BattleFailedInfo_AbyssInfo1"	420	300	55	[62029031|62029032]	0	0	6202903	300	[62001291]	0	0	420	600	600	FALSE	600	[20929|20929]	["SunShine"]
[]	"BattleFailedInfo_AbyssInfo1"	420	300	58	[62029041|62029042]	0	0	6202904	300	[62001291]	0	0	420	600	600	FALSE	600	[20929|20929]	["Fog"]
[]	"BattleFailedInfo_AbyssInfo1"	420	300	60	[62029051|62029052]	0	0	6202905	300	[62001291]	0	0	420	600	600	FALSE	600	[20935|20935]	["Fog"]
[]	"BattleFailedInfo_AbyssInfo1"	420	300	65	[62029061|62029062]	0	0	6202906	300	[62001291]	0	0	420	600	600	FALSE	600	[20935|20935]	["ThickCloudy"]
[]	"BattleFailedInfo_AbyssInfo1"	420	300	70	[62029071|62029072]	0	0	6202907	300	[62001291]	0	0	420	600	600	FALSE	600	[20935|20935]	["Rain"]
[]	"BattleFailedInfo_AbyssInfo1"	420	300	50	[62030011|62030012]	0	0	6203001	300	[62001301]	0	0	420	600	600	FALSE	600	[20928|20928]	["SunShine"]
[]	"BattleFailedInfo_AbyssInfo1"	420	300	53	[62030021|62030022]	0	0	6203002	300	[62001301]	0	0	420	600	600	FALSE	600	[20928|20928]	["SunShine"]
[]	"BattleFailedInfo_AbyssInfo1"	420	300	55	[62030031|62030032]	0	0	6203003	300	[62001301]	0	0	420	600	600	FALSE	600	[20929|20929]	["SunShine"]
[]	"BattleFailedInfo_AbyssInfo1"	420	300	58	[62030041|62030042]	0	0	6203004	300	[62001301]	0	0	420	600	600	FALSE	600	[20929|20929]	["Fog"]
[]	"BattleFailedInfo_AbyssInfo1"	420	300	60	[62030051|62030052]	0	0	6203005	300	[62001301]	0	0	420	600	600	FALSE	600	[20939|20939]	["Fog"]
[]	"BattleFailedInfo_AbyssInfo1"	420	300	65	[62030061|62030062]	0	0	6203006	300	[62001301]	0	0	420	600	600	FALSE	600	[20939|20939]	["ThickCloudy"]
[]	"BattleFailedInfo_AbyssInfo1"	420	300	70	[62030071|62030072]	0	0	6203007	300	[62001301]	0	0	420	600	600	FALSE	600	[20939|20940]	["Rain"]
[]	"BattleFailedInfo_AbyssInfo1"	420	300	50	[62031011|62031012]	0	0	6203101	300	[62001311]	0	0	420	600	600	FALSE	600	[20928|20928]	["SunShine"]
[]	"BattleFailedInfo_AbyssInfo1"	420	300	53	[62031021|62031022]	0	0	6203102	300	[62001311]	0	0	420	600	600	FALSE	600	[20928|20928]	["SunShine"]
[]	"BattleFailedInfo_AbyssInfo1"	420	300	55	[62031031|62031032]	0	0	6203103	300	[62001311]	0	0	420	600	600	FALSE	600	[20929|20929]	["SunShine"]
[]	"BattleFailedInfo_AbyssInfo1"	420	300	58	[62031041|62031042]	0	0	6203104	300	[62001311]	0	0	420	600	600	FALSE	600	[20929|20929]	["Fog"]
[]	"BattleFailedInfo_AbyssInfo1"	420	300	60	[62031051|62031052]	0	0	6203105	300	[62001311]	0	0	420	600	600	FALSE	600	[20939|20939]	["Fog"]
[]	"BattleFailedInfo_AbyssInfo1"	420	300	65	[62031061|62031062]	0	0	6203106	300	[62001311]	0	0	420	600	600	FALSE	600	[20939|20939]	["ThickCloudy"]
[]	"BattleFailedInfo_AbyssInfo1"	420	300	70	[62031071|62031072]	0	0	6203107	300	[62001311]	0	0	420	600	600	FALSE	600	[20941|20940]	["Rain"]
[]	"BattleFailedInfo_AbyssInfo1"	420	300	50	[62032011|62032012]	0	0	6203201	300	[62001321]	0	0	420	600	600	FALSE	600	[20928|20928]	["SunShine"]
[]	"BattleFailedInfo_AbyssInfo1"	420	300	53	[62032021|62032022]	0	0	6203202	300	[62001321]	0	0	420	600	600	FALSE	600	[20928|20928]	["SunShine"]
[]	"BattleFailedInfo_AbyssInfo1"	420	300	55	[62032031|62032032]	0	0	6203203	300	[62001321]	0	0	420	600	600	FALSE	600	[20929|20929]	["SunShine"]
[]	"BattleFailedInfo_AbyssInfo1"	420	300	58	[62032041|62032042]	0	0	6203204	300	[62001321]	0	0	420	600	600	FALSE	600	[20929|20929]	["Fog"]
[]	"BattleFailedInfo_AbyssInfo1"	420	300	60	[62032051|62032052]	0	0	6203205	300	[62001321]	0	0	420	600	600	FALSE	600	[20939|20939]	["Fog"]
[]	"BattleFailedInfo_AbyssInfo1"	420	300	65	[62032061|62032062]	0	0	6203206	300	[62001321]	0	0	420	600	600	FALSE	600	[20940|20939]	["ThickCloudy"]
[]	"BattleFailedInfo_AbyssInfo1"	420	300	70	[62032071|62032072]	0	0	6203207	300	[62001321]	0	0	420	600	600	FALSE	600	[20940|20940]	["Rain"]
[]	"BattleFailedInfo_AbyssInfo1"	14000	300	70	[69001011]	0	0	6900101	20000	[69010104|69010107|69010110]	2	0	420	6000	600	FALSE	600	[22405]	["SunShine"]
[]	"BattleFailedInfo_AbyssInfo1"	14000	300	70	[69001021]	0	0	6900102	20000	[69010105|69010108]	2	0	420	6000	600	FALSE	600	[22402]	["SunShine"]
[]	"BattleFailedInfo_AbyssInfo1"	14000	300	70	[69001031]	0	0	6900103	20000	[69010106|69010109]	2	0	420	6000	600	FALSE	600	[22404]	["SunShine"]
[]	"BattleFailedInfo_AbyssInfo1"	14000	300	70	[69002011]	0	0	6900201	20000	[69010104|69010107|69010110]	2	0	420	6000	600	FALSE	600	[22405]	["SunShine"]
[]	"BattleFailedInfo_AbyssInfo1"	14000	300	70	[69002021]	0	0	6900202	20000	[69010205|69010208]	2	0	420	6000	600	FALSE	600	[22403]	["SunShine"]
[]	"BattleFailedInfo_AbyssInfo1"	14000	300	70	[69002031]	0	0	6900203	20000	[69010206|69010209]	2	0	420	6000	600	FALSE	600	[22401]	["SunShine"]
[]	"BattleFailedInfo_AbyssInfo1"	14000	300	70	[69003011]	0	0	6900301	20000	[69010402|69010507]	2	0	420	6000	600	FALSE	600	[22406]	["SunShine"]
[]	"BattleFailedInfo_AbyssInfo1"	14000	300	70	[69003021]	0	0	6900302	20000	[69010305|69010307|69010306]	2	0	420	6000	600	FALSE	600	[22412]	["SunShine"]
[]	"BattleFailedInfo_AbyssInfo1"	14000	300	70	[69003031]	0	0	6900303	20000	[69010105|69010108]	2	0	420	6000	600	FALSE	600	[22413]	["SunShine"]
[]	"BattleFailedInfo_AbyssInfo1"	14000	300	70	[69004011]	0	0	6900401	20000	[69010402|69010507]	2	0	420	6000	600	FALSE	600	[22411]	["SunShine"]
[]	"BattleFailedInfo_AbyssInfo1"	14000	300	70	[69004021]	0	0	6900402	20000	[69010205|69010308|69010208]	2	0	420	6000	600	FALSE	600	[22408]	["SunShine"]
[]	"BattleFailedInfo_AbyssInfo1"	14000	300	70	[69004031]	0	0	6900403	20000	[69010106|69010109]	2	0	420	6000	600	FALSE	600	[22409]	["SunShine"]
[]	"BattleFailedInfo_AbyssInfo1"	14000	300	70	[69005011]	0	0	6900501	20000	[69010206|69010507]	2	0	420	6000	600	FALSE	600	[22407]	["SunShine"]
[]	"BattleFailedInfo_AbyssInfo1"	14000	300	70	[69005021]	0	0	6900502	20000	[69010505|69010107|69010506]	2	0	420	6000	600	FALSE	600	[22410]	["SunShine"]
[]	"BattleFailedInfo_AbyssInfo1"	14000	300	70	[69005031]	0	0	6900503	20000	[69010503|69010504]	2	0	420	6000	600	FALSE	600	[22406]	["SunShine"]
[]	"BattleFailedInfo_AbyssInfo1"	14000	300	70	[69006011]	0	0	6900601	20000	[69010305|69010307|69010306]	2	0	420	6000	600	FALSE	600	[22412]	["SunShine"]
[]	"BattleFailedInfo_AbyssInfo1"	14000	300	70	[69006021]	0	0	6900602	20000	[69010505|69010107|69010506]	2	0	420	6000	600	FALSE	600	[22410]	["SunShine"]
[]	"BattleFailedInfo_AbyssInfo1"	14000	300	70	[69006031]	0	0	6900603	20000	[69010503|69010504]	2	0	420	6000	600	FALSE	600	[22414]	["SunShine"]
[]	"BattleFailedInfo_AbyssInfo1"	14000	300	70	[69007011]	0	0	6900701	20000	[69010305|69010307|69010306]	2	0	420	6000	600	FALSE	600	[22415]	["SunShine"]
[]	"BattleFailedInfo_AbyssInfo1"	14000	300	70	[69007021]	0	0	6900702	20000	[69010105|69010507]	2	0	420	6000	600	FALSE	600	[22416]	["SunShine"]
[]	"BattleFailedInfo_AbyssInfo1"	14000	300	70	[69007031]	0	0	6900703	20000	[69010205|69010308|69010703]	2	0	420	6000	600	FALSE	600	[22417]	["SunShine"]
[]	"BattleFailedInfo_AbyssInfo1"	14000	300	70	[69008011]	0	0	6900801	20000	[69010106|69010109]	2	0	420	6000	600	FALSE	600	[22418]	["SunShine"]
[]	"BattleFailedInfo_AbyssInfo1"	14000	300	70	[69008021]	0	0	6900802	20000	[69010205|69010308|69010703]	2	0	420	6000	600	FALSE	600	[22417]	["SunShine"]
[]	"BattleFailedInfo_AbyssInfo1"	14000	300	70	[69008031]	0	0	6900803	20000	[69010503|69010802]	2	0	420	6000	600	FALSE	600	[22419]	["SunShine"]
[]	"BattleFailedInfo_AbyssInfo1"	14000	300	70	[69009011]	0	0	6900901	20000	[69010503|69010504]	2	0	420	6000	600	FALSE	600	[22420]	["SunShine"]
[]	"BattleFailedInfo_AbyssInfo1"	14000	300	70	[69009021]	0	0	6900902	20000	[69010505|69010107|69010506]	2	0	420	6000	600	FALSE	600	[22421]	["SunShine"]
[]	"BattleFailedInfo_AbyssInfo1"	14000	300	70	[69009031]	0	0	6900903	20000	[69010305|69010307|69010306]	2	0	420	6000	600	FALSE	600	[22415]	["SunShine"]
[]	"BattleFailedInfo_AbyssInfo1"	14000	300	70	[69010011]	0	0	6901001	20000	[69010505|69010107|69010506|69011203]	2	0	420	6000	600	FALSE	600	[22422]	["SunShine"]
[]	"BattleFailedInfo_AbyssInfo1"	14000	300	70	[69010021]	0	0	6901002	20000	[69010305|69010307|69010306]	2	0	420	6000	600	FALSE	600	[22423]	["SunShine"]
[]	"BattleFailedInfo_AbyssInfo1"	14000	300	70	[69010031]	0	0	6901003	20000	[69010105|69010507]	2	0	420	6000	600	FALSE	600	[22424]	["SunShine"]
[]	"BattleFailedInfo_AbyssInfo1"	14000	300	70	[69011011]	0	0	6901101	20000	[69010106|69010109]	2	0	420	6000	600	FALSE	600	[22425]	["SunShine"]
[]	"BattleFailedInfo_AbyssInfo1"	14000	300	70	[69011021]	0	0	6901102	20000	[69010402|69010507]	2	0	420	6000	600	FALSE	600	[22426]	["SunShine"]
[]	"BattleFailedInfo_AbyssInfo1"	14000	300	70	[69011031]	0	0	6901103	20000	[69010205|69010308|69010703]	2	0	420	6000	600	FALSE	600	[22427]	["SunShine"]
[]	"BattleFailedInfo_AbyssInfo1"	14000	300	70	[69012011]	0	0	6901201	20000	[69011204|69010109]	2	0	420	6000	600	FALSE	600	[22425]	["SunShine"]
[]	"BattleFailedInfo_AbyssInfo1"	14000	300	70	[69012021]	0	0	6901202	20000	[69010505|69010107|69010506|69011203]	2	0	420	6000	600	FALSE	600	[22422]	["SunShine"]
[]	"BattleFailedInfo_AbyssInfo1"	14000	300	70	[69012031]	0	0	6901203	20000	[69010503|69010802]	2	0	420	6000	600	FALSE	600	[22428]	["SunShine"]
[]	"BattleFailedInfo_AbyssInfo1"	14000	300	70	[69013011]	0	0	6901301	20000	[69011302|69011303|69011502]	2	0	420	6000	600	FALSE	600	[22429]	["SunShine"]
[]	"BattleFailedInfo_AbyssInfo1"	14000	300	70	[69013021]	0	0	6901302	20000	[69010106|69010109]	2	0	420	6000	600	FALSE	600	[22430]	["SunShine"]
[]	"BattleFailedInfo_AbyssInfo1"	14000	300	70	[69013031]	0	0	6901303	20000	[69010503|69010802]	2	0	420	6000	600	FALSE	600	[22431]	["SunShine"]
[]	"BattleFailedInfo_AbyssInfo1"	14000	300	70	[69014011]	0	0	6901401	20000	[69010503|69010802]	2	0	420	6000	600	FALSE	600	[22431]	["SunShine"]
[]	"BattleFailedInfo_AbyssInfo1"	14000	300	70	[69014021]	0	0	6901402	20000	[69010305|69010307|69010306]	2	0	420	6000	600	FALSE	600	[22432]	["SunShine"]
[]	"BattleFailedInfo_AbyssInfo1"	14000	300	70	[69014031]	0	0	6901403	20000	[69010505|69010107|69010506|69011203]	2	0	420	6000	600	FALSE	600	[22433]	["SunShine"]
[]	"BattleFailedInfo_AbyssInfo1"	14000	300	70	[69015011]	0	0	6901501	20000	[69011302|69011303|69011502]	2	0	420	6000	600	FALSE	600	[22429]	["SunShine"]
[]	"BattleFailedInfo_AbyssInfo1"	14000	300	70	[69015021]	0	0	6901502	20000	[69010105|69010507]	2	0	420	6000	600	FALSE	600	[22434]	["SunShine"]
[]	"BattleFailedInfo_AbyssInfo1"	14000	300	70	[69015031]	0	0	6901503	20000	[69010402|69010507]	2	0	420	6000	600	FALSE	600	[22435]	["SunShine"]
[]	"BattleFailedInfo_AbyssInfo1"	14000	300	70	[69016011]	0	0	6901601	20000	[69011302|69011303|69011502]	2	0	420	6000	600	FALSE	600	[22436]	["SunShine"]
[]	"BattleFailedInfo_AbyssInfo1"	14000	300	70	[69016021]	0	0	6901602	20000	[69011602|69011603|69011502]	2	0	420	6000	600	FALSE	600	[22437]	["SunShine"]
[]	"BattleFailedInfo_AbyssInfo1"	14000	300	70	[69016031]	0	0	6901603	20000	[69010503|69010802]	2	0	420	6000	600	FALSE	600	[22438]	["SunShine"]
[]	"BattleFailedInfo_AbyssInfo1"	14000	300	70	[69017011]	0	0	6901701	20000	[69011602|69011603|69011502]	2	0	420	6000	600	FALSE	600	[22437]	["SunShine"]
[]	"BattleFailedInfo_AbyssInfo1"	14000	300	70	[69017021]	0	0	6901702	20000	[69010402|69011702]	2	0	420	6000	600	FALSE	600	[22439]	["SunShine"]
[]	"BattleFailedInfo_AbyssInfo1"	14000	300	70	[69017031]	0	0	6901703	20000	[69010106|69010109]	2	0	420	6000	600	FALSE	600	[22440]	["SunShine"]
[]	"BattleFailedInfo_AbyssInfo1"	14000	300	70	[69018011]	0	0	6901801	20000	[69010402|69011702]	2	0	420	6000	600	FALSE	600	[22439]	["SunShine"]
[]	"BattleFailedInfo_AbyssInfo1"	14000	300	70	[69018021]	0	0	6901802	20000	[69011302|69011303|69011502]	2	0	420	6000	600	FALSE	600	[22436]	["SunShine"]
[]	"BattleFailedInfo_AbyssInfo1"	14000	300	70	[69018031]	0	0	6901803	20000	[69010205|69010308|69010703]	2	0	420	6000	600	FALSE	600	[22441]	["SunShine"]
[]	"BattleFailedInfo_AbyssInfo1"	14000	300	70	[69019011]	0	0	6901901	20000	[69011902|69011903|69012102]	2	0	420	6000	600	FALSE	600	[22442]	["SunShine"]
[]	"BattleFailedInfo_AbyssInfo1"	14000	300	70	[69019021]	0	0	6901902	20000	[69011602|69011603|69012102]	2	0	420	6000	600	FALSE	600	[22443]	["SunShine"]
[]	"BattleFailedInfo_AbyssInfo1"	14000	300	70	[69019031]	0	0	6901903	20000	[69011302|69011303|69012102]	2	0	420	6000	600	FALSE	600	[22444]	["SunShine"]
[]	"BattleFailedInfo_AbyssInfo1"	14000	300	70	[69020011]	0	0	6902001	20000	[69011902|69011903|69012102]	2	0	420	6000	600	FALSE	600	[22442]	["SunShine"]
[]	"BattleFailedInfo_AbyssInfo1"	14000	300	70	[69020021]	0	0	6902002	20000	[69010402|69011702]	2	0	420	6000	600	FALSE	600	[22445]	["SunShine"]
[]	"BattleFailedInfo_AbyssInfo1"	14000	300	70	[69020031]	0	0	6902003	20000	[69010503|69010802]	2	0	420	6000	600	FALSE	600	[22446]	["SunShine"]
[]	"BattleFailedInfo_AbyssInfo1"	14000	300	70	[69021011]	0	0	6902101	20000	[69011602|69011603|69012102]	2	0	420	6000	600	FALSE	600	[22443]	["SunShine"]
[]	"BattleFailedInfo_AbyssInfo1"	14000	300	70	[69021021]	0	0	6902102	20000	[69010305|69010307|69010306]	2	0	420	6000	600	FALSE	600	[22447]	["SunShine"]
[]	"BattleFailedInfo_AbyssInfo1"	14000	300	70	[69021031]	0	0	6902103	20000	[69011302|69011303|69012102]	2	0	420	6000	600	FALSE	600	[22444]	["SunShine"]
["Morning"]	"BattleFailedInfo_AbyssInfo1"	21000	300	55	[70702014]	0	1014	7000101	30000	[69010402|69011702]	2	0	420	9000	600	FALSE	600	[29901]	["SunShine"]
["Morning"]	"BattleFailedInfo_AbyssInfo2"	210	150	55	[70702015]	0	0	7000102	150	[]	0	0	210	300	300	FALSE	300	[30003]	["SunShine"]
["Morning"]	"BattleFailedInfo_AbyssInfo3"	21000	300	58	[70702016]	0	1011	7000103	30000	[69010503|69010802]	2	0	420	9000	600	FALSE	600	[29902]	["SunShine"]
["Morning"]	"BattleFailedInfo_AbyssInfo4"	210	150	58	[70702017]	0	0	7000104	150	[]	0	0	210	300	300	FALSE	300	[30003]	["SunShine"]
["Morning"]	"BattleFailedInfo_AbyssInfo5"	1	300	58	[70702018]	0	0	7000105	0	[]	1	0	420	2	600	FALSE	600	[30004]	["SunShine"]
["Morning"]	"BattleFailedInfo_AbyssInfo6"	28000	300	60	[70702019]	0	1010	7000106	40000	[69010205|69010308|69010703]	2	0	420	12000	600	FALSE	600	[29903]	["SunShine"]
["Morning"]	"BattleFailedInfo_AbyssInfo7"	210	150	60	[70702020]	0	0	7000107	150	[]	0	0	210	300	300	FALSE	300	[30003]	["SunShine"]
["Morning"]	"BattleFailedInfo_AbyssInfo8"	210	150	60	[70702021]	0	0	7000108	150	[]	0	0	210	300	300	FALSE	300	[30003]	["SunShine"]
["Morning"]	"BattleFailedInfo_AbyssInfo9"	1	300	60	[70702022]	0	0	7000109	0	[]	1	0	420	2	600	FALSE	600	[30004]	["SunShine"]
["Morning"]	"BattleFailedInfo_AbyssInfo10"	28000	300	65	[70702023]	0	1012	7000110	40000	[69011302|69011303|69012102]	2	0	420	12000	600	FALSE	600	[29904]	["SunShine"]
["Morning"]	"BattleFailedInfo_AbyssInfo11"	210	150	65	[70702024]	0	0	7000111	150	[]	0	0	210	300	300	FALSE	300	[30003]	["SunShine"]
["Morning"]	"BattleFailedInfo_AbyssInfo12"	210	150	65	[70702025]	0	0	7000112	150	[]	0	0	210	300	300	FALSE	300	[30003]	["SunShine"]
["Morning"]	"BattleFailedInfo_AbyssInfo13"	1	300	65	[70702026]	0	0	7000113	0	[]	1	0	420	2	600	FALSE	600	[30004]	["SunShine"]
["Morning"]	"BattleFailedInfo_AbyssInfo14"	28000	300	60	[70702027]	0	1003	7000114	40000	[69010106|69010109|69012103]	2	0	420	12000	600	FALSE	600	[29905]	["SunShine"]
["Morning"]	"BattleFailedInfo_AbyssInfo15"	210	150	60	[70702028]	0	0	7000115	150	[]	0	0	210	300	300	FALSE	300	[30001]	["SunShine"]
["Morning"]	"BattleFailedInfo_AbyssInfo16"	210	150	60	[70702029]	0	0	7000116	150	[]	0	0	210	300	300	FALSE	300	[30001]	["SunShine"]
["Morning"]	"BattleFailedInfo_AbyssInfo17"	1	300	60	[70702030]	0	0	7000117	0	[]	1	0	420	2	600	FALSE	600	[30002]	["SunShine"]
["Morning"]	"BattleFailedInfo_AbyssInfo18"	28000	300	63	[70702031]	0	1006	7000118	40000	[69010505|69010107|69010506|69011203]	2	0	420	12000	600	FALSE	600	[29906]	["SunShine"]
["Morning"]	"BattleFailedInfo_AbyssInfo19"	210	150	63	[70702032]	0	0	7000119	150	[]	0	0	210	300	300	FALSE	300	[30001]	["SunShine"]
["Morning"]	"BattleFailedInfo_AbyssInfo20"	210	150	63	[70702033]	0	0	7000120	150	[]	0	0	210	300	300	FALSE	300	[30001]	["SunShine"]
["Morning"]	"BattleFailedInfo_AbyssInfo21"	1	300	63	[70702034]	0	0	7000121	0	[]	1	0	420	2	600	FALSE	600	[30002]	["SunShine"]
["Morning"]	"BattleFailedInfo_AbyssInfo22"	35000	300	65	[70702035]	0	1012	7000122	50000	[69011302|69011303|69012102]	2	0	420	15000	600	FALSE	600	[29904]	["SunShine"]
["Morning"]	"BattleFailedInfo_AbyssInfo23"	210	150	65	[70702036]	0	0	7000123	150	[]	0	0	210	300	300	FALSE	300	[30001]	["SunShine"]
["Morning"]	"BattleFailedInfo_AbyssInfo24"	210	150	65	[70702037]	0	0	7000124	150	[]	0	0	210	300	300	FALSE	300	[30001]	["SunShine"]
["Morning"]	"BattleFailedInfo_AbyssInfo25"	210	150	65	[70702038]	0	0	7000125	150	[]	0	0	210	300	300	FALSE	300	[30001]	["SunShine"]
["Morning"]	"BattleFailedInfo_AbyssInfo26"	1	300	65	[70702039]	0	0	7000126	0	[]	1	0	420	2	600	FALSE	600	[30002]	["SunShine"]
["Morning"]	"BattleFailedInfo_AbyssInfo27"	35000	300	70	[70702040]	0	1015	7000127	50000	[69011902|69011903|69012102]	2	0	420	15000	600	FALSE	600	[29907]	["SunShine"]
["Morning"]	"BattleFailedInfo_AbyssInfo28"	35000	300	70	[70702041]	0	1013	7000128	50000	[69011602|69011603|69012102]	2	0	420	15000	600	FALSE	600	[29908]	["SunShine"]
["Morning"]	"BattleFailedInfo_AbyssInfo29"	35000	300	70	[70702042]	0	0	7000129	50000	[]	2	0	420	15000	600	FALSE	600	[29909]	["SunShine"]
["Morning"]	"BattleFailedInfo_AbyssInfo30"	210	150	70	[70702043]	0	0	7000130	150	[]	0	0	210	300	300	FALSE	300	[30001]	["SunShine"]
["Morning"]	"BattleFailedInfo_AbyssInfo31"	210	150	70	[70702044]	0	0	7000131	150	[]	0	0	210	300	300	FALSE	300	[30001]	["SunShine"]
["Morning"]	"BattleFailedInfo_AbyssInfo32"	210	150	70	[70702045]	0	0	7000132	150	[]	0	0	210	300	300	FALSE	300	[30001]	["SunShine"]
["Morning"]	"BattleFailedInfo_AbyssInfo30"	210	150	70	[70702047]	0	0	7000133	150	[]	0	0	210	300	300	FALSE	300	[30001]	["SunShine"]
["Morning"]	"BattleFailedInfo_AbyssInfo31"	210	150	70	[70702048]	0	0	7000134	150	[]	0	0	210	300	300	FALSE	300	[30001]	["SunShine"]
["Morning"]	"BattleFailedInfo_AbyssInfo32"	210	150	70	[70702049]	0	0	7000135	150	[]	0	0	210	300	300	FALSE	300	[30001]	["SunShine"]
["Morning"]	"BattleFailedInfo_AbyssInfo33"	1	300	70	[70702046]	0	0	7000136	0	[]	1	0	420	2	600	FALSE	600	[30002]	["SunShine"]
["Morning"]	"BattleFailedInfo_AbyssInfo33"	1	300	70	[70702050]	0	0	7000137	0	[]	1	0	420	2	600	FALSE	600	[30002]	["SunShine"]
["Morning"]	"BattleFailedInfo_AbyssInfo33"	1	300	70	[70702051]	0	0	7000138	0	[]	1	0	420	2	600	FALSE	600	[30002]	["SunShine"]
["Morning"]	"BattleFailedInfo_AbyssInfo31"	210	150	70	[70702052]	0	0	7000139	150	[]	0	0	210	300	300	FALSE	300	[30001]	["SunShine"]
["Morning"]	"BattleFailedInfo_AbyssInfo31"	210	150	70	[70702053]	0	0	7000140	150	[]	0	0	210	300	300	FALSE	300	[30001]	["SunShine"]
["Morning"]	"BattleFailedInfo_AbyssInfo32"	210	150	70	[70702054]	0	0	7000141	150	[]	0	0	210	300	300	FALSE	300	[30001]	["SunShine"]
